{
  "project_info": {
    "project_number": "108883281464",
    "firebase_url": "https://maker-72180.firebaseio.com",
    "project_id": "maker-72180",
    "storage_bucket": "maker-72180.appspot.com"
  },
  "client": [
    {
      "client_info": {
        "mobilesdk_app_id": "1:108883281464:android:58bfbe7e638f80c4f388cd",
        "android_client_info": {
          "package_name": "com.example.real"
        }
      },
      "oauth_client": [
        {
          "client_id": "108883281464-0mpdlgibpn2mdecph1j23kdimgtmhhv4.apps.googleusercontent.com",
          "client_type": 1,
          "android_info": {
            "package_name": "com.example.real",
            "certificate_hash": "dc3ad838078c6f5ccbca690553137b42d773092c"
          }
        },
        {
          "client_id": "108883281464-e6130u5c5f70ont7n6j51f2od42449a0.apps.googleusercontent.com",
          "client_type": 3
        }
      ],
      "api_key": [
        {
          "current_key": "AIzaSyBdcXSY0cgqZ2yx2sA2oBlmAXVzT7BJFxo"
        }
      ],
      "services": {
        "appinvite_service": {
          "other_platform_oauth_client": [
            {
              "client_id": "108883281464-e6130u5c5f70ont7n6j51f2od42449a0.apps.googleusercontent.com",
              "client_type": 3
            }
          ]
        }
      }
    }
  ],
  "configuration_version": "1"
}